companyName,description,jobName,location,require,salary,timePost
Agora Co-learning Spaces Pte Ltd,"",Data Analyst Intern,Singapore,"","SGD800-SGD1,2N",26-12-2023
Soristic,"",Research Data Analysis cum Marketing Intern,Singapore,"",SGD799-SGD800,11-01-2024
SATS Ltd,"",Data Analyst Intern (Data & Business Analytics) Jan - Jul 2024,Singapore,"","SGD1,2N-SGD1,2N",18-12-2023
PT DayaTani Digital Indonesia,"",Senior Data Scientist,Singapore,"",SGD1-SGD100,11-01-2024
Rsm Singapore,"",Intern Data Science,"Orchard, Singapore","","SGD800-SGD1,5N",18-12-2023
SATS Ltd,"",Data Scientist Intern (Data & Business Analytics) Jan - Jul 24,Singapore,"","SGD1,2N-SGD1,2N",18-12-2023
Rsm Singapore,"",Intern Data Science Developer,Singapore,"","SGD900-SGD1,5N",10-01-2024
Monstyr Pte. Ltd.,"",Data Entry - Contract Position (Admin),Singapore,"","Rp2,2Tr-Rp2,5Tr",11-01-2024
Keyrus,"",Business Analyst,Singapore,"",Competitive,11-01-2024
National Institute Of Education,"",Analyst Programmer / Systems Analyst (DSD) [NIE],Singapore,"",Competitive,04-01-2024
PRS IN VIVO Singapore Pte Ltd,"",Marketing Analyst,Singapore,"","SGD2,8N-SGD3N",11-01-2024
Titan Digital Media,"",Social Media Analyst,Singapore,"","SGD2,8N-SGD3N",09-01-2024
National Institute Of Education,"",Analyst Programmer / Systems Analyst (DSD) [NIE],Singapore,"",Competitive,20-12-2023
National Institute Of Education,"",Analyst Programmer / Systems Analyst (DSD) [NIE],Singapore,"",Competitive,18-12-2023
Hello Tomorrow Asia Pacific,"",Deep Tech Venture Analyst,Singapore,"",Competitive,12-01-2024
Mothercare (s) Pte Ltd,"",IT Analyst (NetSuite),Singapore,"",Competitive,11-01-2024
Aura Group (singapore) Pte Ltd,"",Investment Analyst Intern (Private Equity),Singapore,"",Competitive,20-12-2023
Elev8.vc,"",Venture Capital Analyst Intern (FT / PT from Dec 2023),Singapore,"",SGD1,19-12-2023
Atomionics,"",Software Controls Engineering Intern (Jan 2024 or later),Singapore,"","SGD1,7N",11-01-2024
PALO IT SINGAPORE PTE. LTD.,"",Sales Operations Intern,Singapore,"","SGD1,2N-SGD1,5N",28-12-2023
SGCM Pte Ltd,"",Product Management Intern,Singapore,"",SGD800-SGD1N,11-01-2024
Halcyon Agri Corporation Limited,"",HR Business Analytics Intern (Available from Jan 2024),Singapore,"","SGD800-SGD1,2N",11-01-2024
SATS Ltd,"",Logistics & Warehouse Intern,Singapore,"","SGD1,2N",14-12-2023
ZENKO Superfoods,"",E-commerce and Livestream intern,Singapore,"",SGD800,14-01-2024
Thinkreh,"",Automation Engineer Xceptor,Singapore,"",SGD3N-SGD6N,11-01-2024
SATS Ltd,"",Operational Excellence Intern,Singapore,"","SGD850-SGD1,2N",18-12-2023
Bata Shoe Singapore Pte Ltd,"",Human Resource Intern,Singapore,"",SGD800-SGD1N,11-01-2024
Soristic,"",Research and Community Outreach Intern,Singapore,"",SGD799-SGD800,11-01-2024
Halcyon Agri Corporation Limited,"",Human Resources Intern,Singapore,"",Competitive,12-01-2024
Consulting Group - Asia Insight Pte Ltd,"",Market Research Intern,Singapore,"",SGD800-SGD1N,14-12-2023
Impossible Marketing Pte Ltd,"",Google Ads (PPC) Account Manager,Singapore,"","SGD3N-SGD3,3N",12-01-2024
SATS Ltd,"",Operational Excellence Intern,Singapore,"","SGD850-SGD1,2N",18-12-2023
ZENKO Superfoods,"",Merchandiser,Singapore,"",SGD2N,11-01-2024
Impossible Marketing Pte Ltd,"",Performance Marketing Specialist,Singapore,"","SGD3N-SGD3,3N",12-01-2024
Aztech Technologies Pte Ltd,"",Human Resources Internship,Singapore,"",Competitive,02-01-2024
Dazzle Organisation,"",Marketing Associate - Immediate,Singapore,"","SGD4,2N-SGD5,2N",11-01-2024
The Swim Starter,"",Business Operations Executive,Singapore,"","SGD2,8N-SGD3,2N",20-12-2023
Aztech Technologies Pte Ltd,"",R&D Firmware Internship,Singapore,"",Competitive,02-01-2024
Viharbour (Singapore) Enterprise Pte Ltd,"",E-Commerce Specialist,Singapore,"","SGD2,8N-SGD3,5N",11-01-2024
Aztech Technologies Pte Ltd,"",R&D Hardware Internship,Singapore,"",Competitive,02-01-2024
Impossible Marketing Pte Ltd,"",Digital Marketing Support,Singapore,"",SGD2N-SGD3N,12-01-2024
PALO IT SINGAPORE PTE. LTD.,"",Social and Events Marketing Specialist,Singapore,"","SGD3,5N-SGD4,2N",11-01-2024
SATS Ltd,"",Robotic Process Automation (RPA) & Power Platform Intern - 6 mth,Singapore,"","SGD1,2N-SGD1,2N",18-12-2023
Aztech Technologies Pte Ltd,"",R&D Software Internship,Singapore,"",Competitive,02-01-2024
ZENKO Superfoods,"",Marketing and Events intern,"Geylang, Singapore","",SGD800,11-01-2024
Vopak Terminals Singapore Pte Ltd,"",HR Intern,Singapore,"","SGD1N-SGD1,4N",11-01-2024
Northpoint,"",Marketing Intern,Singapore,"",Competitive,12-01-2024
Marymount Labs,"",Business Development Intern,Singapore,"",SGD1N,08-01-2024
Natural Cool Airconditioning & Engineering Pte Ltd,"",E-Commerce Intern,Singapore,"",SGD800-SGD1N,11-01-2024
The M Makers Pte. Ltd.,"",Account Executive Intern,Singapore,"",Competitive,10-01-2024
Youyi Technology Pte Ltd,"",Technical Support Engineer,"Changi, Singapore","",Competitive,22-12-2023
Atomionics,"",Hardware Controls Engineering Intern (Jan 2024 or later),Singapore,"","SGD1,7N",11-01-2024
SATS Ltd,"",SATS AeroLaundry Intern (6 months),Singapore,"","SGD1,2N",18-12-2023
Rsm Singapore,"",Intern AI development Intern - Retrieval-Augmented Generation (R,Singapore,"","SGD900-SGD1,5N",12-01-2024
SC DESIGN AND BUILT PTE LTD,"",Interior Designer - Up to 4k Base Salary with added commission,Singapore,"",SGD2N-SGD4N,11-01-2024
Aztech Technologies Pte Ltd,"",R&D Mechanical Engineering Internship,Singapore,"",Competitive,11-01-2024
Q Retail Pte Ltd,"",Merchandiser,Singapore,"","SGD3N-SGD5,5N",28-12-2023
Bluente,"",Social Media Marketing Intern,Singapore,"",Competitive,11-01-2024
Soristic,"",Project Management cum Community Outreach Intern,Singapore,"",SGD799-SGD800,11-01-2024
ConcreteAI,"",IOT Intern (Q3 Q4 Sem 1),Singapore,"",Competitive,10-01-2024
